Location;Position;REF;ALT;Genotype;Homozygous Reference;Heterozygous;Homozygous Alternate
Exon;63401266;G;('T',);(0, 1);0 (0.00%);111 (78.17%);31 (21.83%)
Exon;63401318;G;('A',);(0, 1);;;
Exon;63401437;C;('A',);(0, 1);;;
Exon;63401582;C;('T',);(0, 1);;;
Exon;63402822;C;('T',);(0, 1);;;
Exon;63402905;C;('A',);(0, 1);;;
Exon;63403020;C;('T',);(0, 1);;;
Exon;63403750;C;('T',);(0, 1);;;
Exon;63405736;G;('A',);(0, 1);;;
Exon;63406396;G;('A',);(0, 1);;;
Intron;63407457;G;('C',);(0, 1);;;
Intron;63407513;G;('C',);(0, 1);;;
Intron;63407570;G;('C',);(0, 1);;;
Intron;63408669;T;('C',);(0, 1);;;
Intron;63408819;G;('A',);(0, 1);;;
Intron;63411642;TTC;('T',);(0, 1);;;
Intron;63412999;A;('C',);(0, 1);;;
Intron;63413016;T;('G',);(0, 1);;;
Intron;63413760;GAC;('G',);(0, 1);;;
Intron;63413947;G;('A',);(0, 1);;;
Intron;63414356;C;('T',);(0, 1);;;
Intron;63416572;T;('C',);(0, 1);;;
Intron;63416733;C;('T',);(0, 1);;;
Intron;63416990;G;('A',);(0, 1);;;
Intron;63417301;C;('T',);(0, 1);;;
Intron;63417357;C;('G',);(0, 1);;;
Intron;63417403;G;('A',);(0, 1);;;
Intron;63417594;G;('A',);(0, 1);;;
Intron;63418334;G;('A',);(0, 1);;;
Intron;63418440;G;('C',);(0, 1);;;
Intron;63418652;A;('C',);(0, 1);;;
Intron;63418710;C;('A',);(0, 1);;;
Intron;63418907;A;('G',);(0, 1);;;
Intron;63418926;A;('G',);(0, 1);;;
Intron;63418943;A;('G',);(0, 1);;;
Intron;63419026;G;('A',);(0, 1);;;
Intron;63419885;G;('GT',);(0, 1);;;
Intron;63420102;C;('G',);(0, 1);;;
Intron;63420621;G;('A',);(0, 1);;;
Intron;63420832;GT;('G',);(0, 1);;;
Intron;63421820;C;('T',);(0, 1);;;
Intron;63422401;C;('T',);(0, 1);;;
Intron;63422849;G;('C',);(0, 1);;;
Intron;63423548;G;('A',);(0, 1);;;
Intron;63423684;C;('T',);(0, 1);;;
Intron;63423807;C;('G',);(0, 1);;;
Intron;63423847;C;('A',);(0, 1);;;
Intron;63424064;G;('A',);(0, 1);;;
Intron;63424386;C;('T',);(0, 1);;;
Intron;63424660;G;('A',);(0, 1);;;
Intron;63424770;C;('T',);(0, 1);;;
Intron;63424980;C;('G',);(0, 1);;;
Intron;63425576;C;('T',);(0, 1);;;
Intron;63426575;T;('G',);(0, 1);;;
Intron;63427019;C;('G',);(0, 1);;;
Intron;63427327;A;('G',);(0, 1);;;
Intron;63427378;A;('G',);(0, 1);;;
Intron;63427634;A;('G',);(0, 1);;;
Intron;63427896;G;('A',);(0, 1);;;
Intron;63428069;G;('A',);(0, 1);;;
Intron;63428152;G;('A',);(0, 1);;;
Intron;63429411;C;('T',);(0, 1);;;
Intron;63431530;G;('A',);(0, 1);;;
Intron;63432239;A;('C',);(0, 1);;;
Intron;63432277;T;('G',);(0, 1);;;
Intron;63432584;ATCCACCCACAGGGAAGGC;('A',);(0, 1);;;
Intron;63432794;G;('GGAAGGATCCACCCACAGA',);(0, 1);;;
Intron;63432819;T;('C',);(0, 1);;;
Intron;63432828;T;('A',);(0, 1);;;
Intron;63432837;C;('T',);(0, 1);;;
Intron;63434067;C;('T',);(0, 1);;;
Intron;63434107;G;('A',);(0, 1);;;
Intron;63434704;G;('A',);(0, 1);;;
Intron;63435168;C;('G',);(0, 1);;;
Intron;63435440;G;('T',);(0, 1);;;
Intron;63435795;T;('C',);(0, 1);;;
Intron;63437551;C;('T',);(0, 1);;;
Intron;63437913;G;('A',);(0, 1);;;
Intron;63438258;C;('T',);(0, 1);;;
Intron;63438807;C;('G',);(0, 1);;;
Intron;63438948;C;('T',);(0, 1);;;
Intron;63439084;A;('G',);(0, 1);;;
Intron;63440305;G;('A',);(0, 1);;;
Intron;63444910;G;('A',);(0, 1);;;
Intron;63444985;G;('A',);(0, 1);;;
Intron;63445390;C;('A',);(0, 1);;;
Intron;63447007;G;('A',);(0, 1);;;
Intron;63447134;T;('C',);(0, 1);;;
Intron;63449293;A;('G',);(0, 1);;;
Intron;63454385;G;('A',);(0, 1);;;
Intron;63459528;A;('T',);(0, 1);;;
Intron;63460092;T;('G',);(0, 1);;;
Intron;63460141;T;('A',);(0, 1);;;
Intron;63461042;A;('C',);(0, 1);;;
Intron;63461923;C;('T',);(0, 1);;;
Intron;63461940;G;('A',);(0, 1);;;
Intron;63461979;A;('AGCACCTACCCCAGGCAGCAGGGAGGAGGCT',);(0, 1);;;
Intron;63463055;CTGTGTG;('C',);(0, 1);;;
Intron;63464400;G;('A',);(0, 1);;;
Intron;63464452;C;('T',);(0, 1);;;
Intron;63464509;G;('A',);(0, 1);;;
Intron;63465298;C;('G',);(0, 1);;;
Intron;63466117;C;('T',);(0, 1);;;
Intron;63467555;GCC;('G',);(0, 1);;;
Intron;63467867;G;('A',);(0, 1);;;
Intron;63467943;C;('T',);(0, 1);;;
Intron;63468294;G;('A',);(0, 1);;;
Intron;63468674;A;('G',);(0, 1);;;
Intron;63468713;G;('A',);(0, 1);;;
Intron;63469111;G;('A',);(0, 1);;;
Intron;63471382;T;('G',);(0, 1);;;
